<?xml version="1.0" encoding="UTF-8"?>
<cpq_package version="2.0.1.0">
  <filename>cp028028.zip</filename>
  <divisions>
    <division key="65">
      <division_xlate lang="en">Networking</division_xlate>
      <division_xlate lang="cn">网络</division_xlate>
      <division_xlate lang="ja">ネットワーク</division_xlate>
      <division_xlate lang="ko">네트워킹</division_xlate>
      <division_xlate lang="tw">網路</division_xlate>
    </division>
    <division key="6">
      <division_xlate lang="en">Server</division_xlate>
      <division_xlate lang="cn">服务器</division_xlate>
      <division_xlate lang="ja">サーバ</division_xlate>
      <division_xlate lang="ko">서버</division_xlate>
      <division_xlate lang="tw">伺服器</division_xlate>
    </division>
  </divisions>
  <operating_systems>
    <operating_system key="">
      <operating_system_xlate>VMware vSphere 6.0</operating_system_xlate>
    </operating_system>
  </operating_systems>
  <products>
    <product rom="A20"/>
    <product rom="I25"/>
    <product rom="I38"/>
    <product rom="I32"/>
    <product rom="A26"/>
    <product rom="A19"/>
    <product rom="I36"/>
    <product rom="I31"/>
    <product rom="I27"/>
    <product rom="I30"/>
    <product rom="P66"/>
    <product rom="A16"/>
    <product rom="U17"/>
    <product rom="P79"/>
    <product rom="P85"/>
    <product rom="P77"/>
    <product rom="A28"/>
    <product rom="P89"/>
    <product rom="P70"/>
    <product rom="P73"/>
    <product rom="P89"/>
    <product rom="P71"/>
    <product rom="P73"/>
    <product rom="P68"/>
    <product rom="P80"/>
    <product rom="J05"/>
    <product rom="U20"/>
    <product rom="U20"/>
    <product rom="J03"/>
    <product rom="P86"/>
    <product rom="U15"/>
    <product rom="U15"/>
    <product rom="U22"/>
    <product rom="P92"/>
    <product rom="J02"/>
    <product rom="P72"/>
    <product rom="P78"/>
    <product rom="J04"/>
    <product rom="P95"/>
    <product rom="P99"/>
    <product rom="U23"/>
    <product rom="J10"/>
    <product rom="P74"/>
    <product rom="P75"/>
    <product rom="P75"/>
    <product rom="P75"/>
    <product rom="U21"/>
    <product rom="U13"/>
    <product rom="U12"/>
    <product rom="U13"/>
    <product rom="P94"/>
    <product rom="U14"/>
    <product rom="U14"/>
    <product rom="U19"/>
    <product rom="J06"/>
    <product rom="I40"/>
    <product rom="I39"/>
    <product rom="I40"/>
    <product rom="I37"/>
    <product rom="I25"/>
    <product rom="P65"/>
    <product rom="P81"/>
    <product rom="P88"/>
    <product rom="P83"/>
  </products>
  <category key="11300095">
    <category_xlate lang="en">Driver - Network</category_xlate>
    <category_xlate lang="cn">驱动程序 - 网络</category_xlate>
    <category_xlate lang="ja">ドライバ - ネットワーク</category_xlate>
    <category_xlate lang="ko">드라이버 – 네트워크</category_xlate>
    <category_xlate lang="tw">驅動程式 ─ 網路</category_xlate>
  </category>
  <id product="69f8e5ed4a2d464f890c65e8b597ec06" version="844eb463bc96436490ad9867260cba08"/>
  <name>
    <name_xlate lang="en">HPE QLogic NX2 1/10/20 GbE Multifunction Drivers for VMware vSphere 6.0</name_xlate>
    <name_xlate lang="cn">VMware vSphere 6.0版HPE QLogic NX2 1/10/20 GbE多功能驱动程序</name_xlate>
    <name_xlate lang="ja">HPE QLogic NX2 1/10/20 GbEマルチファンクションドライバー for VMware vSphere 6.0</name_xlate>
    <name_xlate lang="ko">VMware vSphere 6.0/용 HPE QLogic NX2 1/10/20 GbE 다기능 드라이버</name_xlate>
    <name_xlate lang="tw">適用於 VMware vSphere 6.0 的 HPE QLogic NX2 1/10/20 GbE 多功能驅動程式</name_xlate>
  </name>
  <alt_name>
    <alt_name_xlate lang="en">HPE QLogic NX2 1/10/20 GbE Multifunction Drivers for VMware vSphere 6.0</alt_name_xlate>
    <alt_name_xlate lang="cn">VMware vSphere 6.0版HPE QLogic NX2 1/10/20 GbE多功能驱动程序</alt_name_xlate>
    <alt_name_xlate lang="ja">HPE QLogic NX2 1/10/20 GbEマルチファンクションドライバー for VMware vSphere 6.0</alt_name_xlate>
    <alt_name_xlate lang="ko">VMware vSphere 6.0/용 HPE QLogic NX2 1/10/20 GbE 다기능 드라이버</alt_name_xlate>
    <alt_name_xlate lang="tw">適用於 VMware vSphere 6.0 的 HPE QLogic NX2 1/10/20 GbE 多功能驅動程式</alt_name_xlate>
  </alt_name>
  <version value="2016.10.07" revision="" type_of_change="0"/>
  <manufacturer_name>
    <manufacturer_name_xlate lang="en">Hewlett Packard Enterprise</manufacturer_name_xlate>
    <manufacturer_name_xlate lang="cn">惠普企业</manufacturer_name_xlate>
    <manufacturer_name_xlate lang="ja">Hewlett Packard Enterprise</manufacturer_name_xlate>
    <manufacturer_name_xlate lang="ko">Hewlett Packard Enterprise</manufacturer_name_xlate>
    <manufacturer_name_xlate lang="tw">Hewlett Packard Enterprise</manufacturer_name_xlate>
  </manufacturer_name>
  <languages langlist="en">
    <languages_xlate lang="cn">英语（美国）</languages_xlate>
    <languages_xlate lang="tw">美式英文</languages_xlate>
    <languages_xlate lang="en">English (US)</languages_xlate>
    <languages_xlate lang="ja">英語（US）</languages_xlate>
    <languages_xlate lang="ko">영어(미국)</languages_xlate>
  </languages>
  <release_date year="2016" month="10" day="7" hour="0" minute="0" second="0"/>
  <description>
    <description_xlate lang="en">
<![CDATA[This product contains drivers for HPE QLogic NX2 1/10/20 GbE Multifunction Adapters running under VMware vSphere 6.0.]]>
</description_xlate>
    <description_xlate lang="cn">
<![CDATA[本产品包含用于运行在VMware vSphere 6.0上的HPE QLogic NX2 1/10/20 GbE多功能驱动程序。]]>
</description_xlate>
    <description_xlate lang="ja">
<![CDATA[この製品は、VMware vSphere 6.0上で動作するHPE QLogic NX2 1/10/20 GbEマルチファンクションアダプターのためのドライバーを含んでいます。]]>
</description_xlate>
    <description_xlate lang="ko">
<![CDATA[이 제품에는 VMware vSphere 6.0에서 실행되는 HPE QLogic NX2 1/10/20 GbE 다기능 어댑터용 드라이버가 포함되어 있습니다.]]>
</description_xlate>
    <description_xlate lang="tw">
<![CDATA[本產品包含驅動程式，適用於在 VMware vSphere 6.0 下執行的 HPE QLogic NX2 1/10/20 GbE 多功能配接卡。]]>
</description_xlate>
  </description>
  <prerequisite_notes/>
  <installation_notes>
    <installation_notes_xlate lang="en">
      <installation_notes_xlate_part>
<![CDATA[<p><strong>To&nbsp;remotely install&nbsp;this&nbsp;driver online using the HP Smart Update Manager (HPSUM) from the HP Service Pack for ProLiant (SPP):</strong></p>

<ol>
	<li>Place the SPP on a USB key using the <a href="http://h20566.www2.hpe.com/hpsc/swd/public/readIndex?sp4ts.oid=8788688&amp;lang=en&amp;cc=us">HP USB Key Creator Utility</a>.</li>
	<li>Copy&nbsp;this driver component&nbsp;to the directory<em> /SPP20xxxxx/hp/swpackages</em> on the USB key.</li>
	<li>Mount the USB key on a remote server running Windows or Linux.</li>
	<li>Change directories to <em>/hp/swpackages</em> and execute&nbsp;./hpsum.</li>
	<li>Select the &quot;next&quot; button.</li>
	<li>Click &quot;Add Single Target.&quot;</li>
	<li>Enter&nbsp;the IP or DNS address of the ESXi host to be updated.</li>
	<li>Enter the ESXi host credentials (root or administrator username and password).</li>
	<li>Follow HP Smart Update Manager&nbsp;instructions&nbsp;to complete the driver update.</li>
</ol>

<p><br />
<strong>To&nbsp;install this&nbsp;driver using VMware tools:</strong></p>

<ol>
	<li>Unzip the component zip file to extract the driver offline bundle.</li>
	<li>Run the &quot;esxcli&quot; commands to install the offline bundle.</li>
</ol>

<p>Refer to VMware documentation for information on the esxcli commands</p>
]]>
</installation_notes_xlate_part>
    </installation_notes_xlate>
    <installation_notes_xlate lang="cn">
      <installation_notes_xlate_part>
<![CDATA[<p><strong>To&nbsp;remotely install&nbsp;this&nbsp;driver online using the HP Smart Update Manager (HPSUM) from the HP Service Pack for ProLiant (SPP):</strong></p>

<ol>
	<li>Place the SPP on a USB key using the <a href="http://h20566.www2.hpe.com/hpsc/swd/public/readIndex?sp4ts.oid=8788688&amp;lang=en&amp;cc=us">HP USB Key Creator Utility</a>.</li>
	<li>Copy&nbsp;this driver component&nbsp;to the directory<em> /SPP20xxxxx/hp/swpackages</em> on the USB key.</li>
	<li>Mount the USB key on a remote server running Windows or Linux.</li>
	<li>Change directories to <em>/hp/swpackages</em> and execute&nbsp;./hpsum.</li>
	<li>Select the &quot;next&quot; button.</li>
	<li>Click &quot;Add Single Target.&quot;</li>
	<li>Enter&nbsp;the IP or DNS address of the ESXi host to be updated.</li>
	<li>Enter the ESXi host credentials (root or administrator username and password).</li>
	<li>Follow HP Smart Update Manager&nbsp;instructions&nbsp;to complete the driver update.</li>
</ol>

<p><br />
<strong>To&nbsp;install this&nbsp;driver using VMware tools:</strong></p>

<ol>
	<li>Unzip the component zip file to extract the driver offline bundle.</li>
	<li>Run the &quot;esxcli&quot; commands to install the offline bundle.</li>
</ol>

<p>Refer to VMware documentation for information on the esxcli commands</p>
]]>
</installation_notes_xlate_part>
    </installation_notes_xlate>
    <installation_notes_xlate lang="ja">
      <installation_notes_xlate_part>
<![CDATA[<p><strong>To&nbsp;remotely install&nbsp;this&nbsp;driver online using the HP Smart Update Manager (HPSUM) from the HP Service Pack for ProLiant (SPP):</strong></p>

<ol>
	<li>Place the SPP on a USB key using the <a href="http://h20566.www2.hpe.com/hpsc/swd/public/readIndex?sp4ts.oid=8788688&amp;lang=en&amp;cc=us">HP USB Key Creator Utility</a>.</li>
	<li>Copy&nbsp;this driver component&nbsp;to the directory<em> /SPP20xxxxx/hp/swpackages</em> on the USB key.</li>
	<li>Mount the USB key on a remote server running Windows or Linux.</li>
	<li>Change directories to <em>/hp/swpackages</em> and execute&nbsp;./hpsum.</li>
	<li>Select the &quot;next&quot; button.</li>
	<li>Click &quot;Add Single Target.&quot;</li>
	<li>Enter&nbsp;the IP or DNS address of the ESXi host to be updated.</li>
	<li>Enter the ESXi host credentials (root or administrator username and password).</li>
	<li>Follow HP Smart Update Manager&nbsp;instructions&nbsp;to complete the driver update.</li>
</ol>

<p><br />
<strong>To&nbsp;install this&nbsp;driver using VMware tools:</strong></p>

<ol>
	<li>Unzip the component zip file to extract the driver offline bundle.</li>
	<li>Run the &quot;esxcli&quot; commands to install the offline bundle.</li>
</ol>

<p>Refer to VMware documentation for information on the esxcli commands</p>
]]>
</installation_notes_xlate_part>
    </installation_notes_xlate>
    <installation_notes_xlate lang="ko">
      <installation_notes_xlate_part>
<![CDATA[<p><strong>To&nbsp;remotely install&nbsp;this&nbsp;driver online using the HP Smart Update Manager (HPSUM) from the HP Service Pack for ProLiant (SPP):</strong></p>

<ol>
	<li>Place the SPP on a USB key using the <a href="http://h20566.www2.hpe.com/hpsc/swd/public/readIndex?sp4ts.oid=8788688&amp;lang=en&amp;cc=us">HP USB Key Creator Utility</a>.</li>
	<li>Copy&nbsp;this driver component&nbsp;to the directory<em> /SPP20xxxxx/hp/swpackages</em> on the USB key.</li>
	<li>Mount the USB key on a remote server running Windows or Linux.</li>
	<li>Change directories to <em>/hp/swpackages</em> and execute&nbsp;./hpsum.</li>
	<li>Select the &quot;next&quot; button.</li>
	<li>Click &quot;Add Single Target.&quot;</li>
	<li>Enter&nbsp;the IP or DNS address of the ESXi host to be updated.</li>
	<li>Enter the ESXi host credentials (root or administrator username and password).</li>
	<li>Follow HP Smart Update Manager&nbsp;instructions&nbsp;to complete the driver update.</li>
</ol>

<p><br />
<strong>To&nbsp;install this&nbsp;driver using VMware tools:</strong></p>

<ol>
	<li>Unzip the component zip file to extract the driver offline bundle.</li>
	<li>Run the &quot;esxcli&quot; commands to install the offline bundle.</li>
</ol>

<p>Refer to VMware documentation for information on the esxcli commands</p>
]]>
</installation_notes_xlate_part>
    </installation_notes_xlate>
    <installation_notes_xlate lang="tw">
      <installation_notes_xlate_part>
<![CDATA[<p><strong>To&nbsp;remotely install&nbsp;this&nbsp;driver online using the HP Smart Update Manager (HPSUM) from the HP Service Pack for ProLiant (SPP):</strong></p>

<ol>
	<li>Place the SPP on a USB key using the <a href="http://h20566.www2.hpe.com/hpsc/swd/public/readIndex?sp4ts.oid=8788688&amp;lang=en&amp;cc=us">HP USB Key Creator Utility</a>.</li>
	<li>Copy&nbsp;this driver component&nbsp;to the directory<em> /SPP20xxxxx/hp/swpackages</em> on the USB key.</li>
	<li>Mount the USB key on a remote server running Windows or Linux.</li>
	<li>Change directories to <em>/hp/swpackages</em> and execute&nbsp;./hpsum.</li>
	<li>Select the &quot;next&quot; button.</li>
	<li>Click &quot;Add Single Target.&quot;</li>
	<li>Enter&nbsp;the IP or DNS address of the ESXi host to be updated.</li>
	<li>Enter the ESXi host credentials (root or administrator username and password).</li>
	<li>Follow HP Smart Update Manager&nbsp;instructions&nbsp;to complete the driver update.</li>
</ol>

<p><br />
<strong>To&nbsp;install this&nbsp;driver using VMware tools:</strong></p>

<ol>
	<li>Unzip the component zip file to extract the driver offline bundle.</li>
	<li>Run the &quot;esxcli&quot; commands to install the offline bundle.</li>
</ol>

<p>Refer to VMware documentation for information on the esxcli commands</p>
]]>
</installation_notes_xlate_part>
    </installation_notes_xlate>
  </installation_notes>
  <availability_notes/>
  <documentation_notes/>
  <revision_history>
    <revision>
      <version value="2016.10.07" revision="" type_of_change="0"/>
      <revision_enhancements_xlate lang="en">
        <revision_enhancements_xlate_part>
<![CDATA[<p>This product now supports the following network adapters:</p>

<ul>
	<li>HPE Synergy 3820C 10/20Gb Converged Network Adapter</li>
	<li>HPE Synergy 10Gb 2-port 2820C Converged Network Adapter</li>
</ul>
]]>
</revision_enhancements_xlate_part>
      </revision_enhancements_xlate>
      <revision_enhancements_xlate lang="cn">
        <revision_enhancements_xlate_part>
<![CDATA[<p>此产品支持以下网络适配器：</p>

<ul>
	<li>HPE Synergy 3820C 10/20Gb融合网络适配器</li>
	<li>HPE Synergy 10Gb 双端口 2820C 融合网络适配器</li>
</ul>
]]>
</revision_enhancements_xlate_part>
      </revision_enhancements_xlate>
      <revision_enhancements_xlate lang="ja">
        <revision_enhancements_xlate_part>
<![CDATA[<p>この製品は、以下のネットワークアダプターをサポートします。</p>

<ul>
	<li>HPE Synergy 3820C 10/20Gbコンバージドネットワークアダプター</li>
	<li>HPE Synergy 10Gb 2ポート 2820C コンバージドネットワークアダプター</li>
</ul>
]]>
</revision_enhancements_xlate_part>
      </revision_enhancements_xlate>
      <revision_enhancements_xlate lang="ko">
        <revision_enhancements_xlate_part>
<![CDATA[<p>이 제품은 이제 다음의 네트워크 어댑터를 지원합니다.</p>

<ul>
	<li>HPE Synergy 3820C 10/20Gb 컨버지드 네트워크 어댑터</li>
	<li>HPE Synergy 10Gb 2포트 2820C 컨버지드 네트워크 어댑터</li>
</ul>
]]>
</revision_enhancements_xlate_part>
      </revision_enhancements_xlate>
      <revision_enhancements_xlate lang="tw">
        <revision_enhancements_xlate_part>
<![CDATA[<p>此產品支援如下網路配接卡：</p>

<ul>
	<li>HPE Synergy 3820C 10/20Gb 聚合式網路配接卡</li>
	<li>HPE Synergy 10Gb 雙埠 2820C 聚合式網路配接卡</li>
</ul>
]]>
</revision_enhancements_xlate_part>
      </revision_enhancements_xlate>
    </revision>
    <revision>
      <version value="2016.07.27" revision="" type_of_change="0"/>
      <revision_enhancements_xlate lang="en">
        <revision_enhancements_xlate_part>
<![CDATA[<p>This product now supports the HPE FlexFabric 10Gb 4-port 536FLR-T Adapter.</p>
]]>
</revision_enhancements_xlate_part>
      </revision_enhancements_xlate>
      <revision_enhancements_xlate lang="cn">
        <revision_enhancements_xlate_part>
<![CDATA[<p>该产品现已支持 HPE FlexFabric 10Gb 四端口 536FLR-T 适配器。</p>
]]>
</revision_enhancements_xlate_part>
      </revision_enhancements_xlate>
      <revision_enhancements_xlate lang="ja">
        <revision_enhancements_xlate_part>
<![CDATA[<p>この製品は、HPE FlexFabric 10Gb 4ポート 536FLR-Tアダプターをサポートします。</p>
]]>
</revision_enhancements_xlate_part>
      </revision_enhancements_xlate>
      <revision_enhancements_xlate lang="ko">
        <revision_enhancements_xlate_part>
<![CDATA[<p>이제 HPE FlexFabric 10Gb 4-port 536FLR-T 어댑터를 지원할 수 있게 되었습니다.</p>
]]>
</revision_enhancements_xlate_part>
      </revision_enhancements_xlate>
      <revision_enhancements_xlate lang="tw">
        <revision_enhancements_xlate_part>
<![CDATA[<p>此產品現在支援 HPE FlexFabric 10Gb 4 埠 536FLR-T 配接卡。</p>
]]>
</revision_enhancements_xlate_part>
      </revision_enhancements_xlate>
      <revision_fixes_xlate lang="en">
        <revision_fixes_xlate_part>
<![CDATA[<p>This product resolves a network disconnect that occurs when freeing NetQueues after a driver/firmware update.</p>

<p>This product resolves a memory leak that occurs when freeing NetQueues.</p>
]]>
</revision_fixes_xlate_part>
      </revision_fixes_xlate>
      <revision_fixes_xlate lang="cn">
        <revision_fixes_xlate_part>
<![CDATA[<p>本产品解决了驱动程序/固件更新后释放 NetQueues 时网络断开连接的问题。</p>

<p>本产品解决了释放 NetQueues 时出现内存泄漏的问题。</p>
]]>
</revision_fixes_xlate_part>
      </revision_fixes_xlate>
      <revision_fixes_xlate lang="ja">
        <revision_fixes_xlate_part>
<![CDATA[<p>この製品では、ドライバー/ファームウェアのアップデート後にNetQueues を解放した場合に発生するネットワークの不具合を解決しています。</p>

<p>この製品では、NetQueuesを解放した場合に発生するメモリリークを解決しています。</p>
]]>
</revision_fixes_xlate_part>
      </revision_fixes_xlate>
      <revision_fixes_xlate lang="ko">
        <revision_fixes_xlate_part>
<![CDATA[<p>이 제품은 드라이버/펌웨어 업데이트 후 NetQueues 해제 시 발생하는 네트워크 연결 끊김을 해결합니다.</p>

<p>이 제품은 NetQueues 해제 시 발생하는 메모리 누수를 해결합니다.</p>
]]>
</revision_fixes_xlate_part>
      </revision_fixes_xlate>
      <revision_fixes_xlate lang="tw">
        <revision_fixes_xlate_part>
<![CDATA[<p>本產品解決在驅動程式/韌體更新後釋放 NetQueue 時發生網路中斷的問題。</p>

<p>本產品釋放 NetQueue 時發生記憶體流失的問題。</p>
]]>
</revision_fixes_xlate_part>
      </revision_fixes_xlate>
    </revision>
    <revision>
      <version value="2016.03.29" revision="" type_of_change="0"/>
      <revision_enhancements_xlate lang="en">
        <revision_enhancements_xlate_part>
<![CDATA[<p>This product now supports the HPE StoreFabric CN1100R-T Converged Network Adapter.</p>
]]>
</revision_enhancements_xlate_part>
      </revision_enhancements_xlate>
      <revision_enhancements_xlate lang="cn">
        <revision_enhancements_xlate_part>
<![CDATA[<p>该产品现已支持HPE StoreFabric CN1100R-T融合网络适配器。</p>
]]>
</revision_enhancements_xlate_part>
      </revision_enhancements_xlate>
      <revision_enhancements_xlate lang="ja">
        <revision_enhancements_xlate_part>
<![CDATA[<p>この製品は、HPE StoreFabric CN1100R-Tコンバージドネットワークアダプターをサポートします。</p>
]]>
</revision_enhancements_xlate_part>
      </revision_enhancements_xlate>
      <revision_enhancements_xlate lang="ko">
        <revision_enhancements_xlate_part>
<![CDATA[<p>이제 이 제품이 HPE StoreFabric CN1100R-T 컨버지드 네트워크 어댑터를 지원합니다.</p>
]]>
</revision_enhancements_xlate_part>
      </revision_enhancements_xlate>
      <revision_enhancements_xlate lang="tw">
        <revision_enhancements_xlate_part>
<![CDATA[<p>本產品現在支援 HPE StoreFabric CN1100R-T 聚合式網路配接卡。</p>
]]>
</revision_enhancements_xlate_part>
      </revision_enhancements_xlate>
      <revision_fixes_xlate lang="en">
        <revision_fixes_xlate_part>
<![CDATA[<p>This driver addresses a purple diagnostic screen (PSOD) seen during dynamic Rx NetQ allocation.</p>
]]>
</revision_fixes_xlate_part>
      </revision_fixes_xlate>
      <revision_fixes_xlate lang="cn">
        <revision_fixes_xlate_part>
<![CDATA[<p>该驱动程序解决了在动态Rx NetQ分配的过程中出现紫色诊断界面（PSOD）的问题。</p>
]]>
</revision_fixes_xlate_part>
      </revision_fixes_xlate>
      <revision_fixes_xlate lang="ja">
        <revision_fixes_xlate_part>
<![CDATA[<p>このドライバーは、動的Rx NetQ割り当ての間に見られるpurple diagnostic screen (PSOD)に対処します。</p>
]]>
</revision_fixes_xlate_part>
      </revision_fixes_xlate>
      <revision_fixes_xlate lang="ko">
        <revision_fixes_xlate_part>
<![CDATA[<p>이 드라이버는 동적 Rx NetQ 할당 중 표시되는 보라색 진단 화면(PSOD) 문제를 해결합니다.</p>
]]>
</revision_fixes_xlate_part>
      </revision_fixes_xlate>
      <revision_fixes_xlate lang="tw">
        <revision_fixes_xlate_part>
<![CDATA[<p>此驅動程式解決動態 Rx NetQ 配置期間會出現紫色診斷畫面 (PSOD) 的問題。</p>
]]>
</revision_fixes_xlate_part>
      </revision_fixes_xlate>
    </revision>
    <revision>
      <version value="2015.10.01" revision="" type_of_change="0"/>
      <revision_enhancements_xlate lang="en">
        <revision_enhancements_xlate_part>
<![CDATA[<p>Initial release.</p>
]]>
</revision_enhancements_xlate_part>
      </revision_enhancements_xlate>
      <revision_enhancements_xlate lang="cn">
        <revision_enhancements_xlate_part>
<![CDATA[<p>初始版本。</p>
]]>
</revision_enhancements_xlate_part>
      </revision_enhancements_xlate>
      <revision_enhancements_xlate lang="ja">
        <revision_enhancements_xlate_part>
<![CDATA[<p>最初のリリースです。</p>
]]>
</revision_enhancements_xlate_part>
      </revision_enhancements_xlate>
      <revision_enhancements_xlate lang="ko">
        <revision_enhancements_xlate_part>
<![CDATA[<p>최초 릴리스.</p>
]]>
</revision_enhancements_xlate_part>
      </revision_enhancements_xlate>
      <revision_enhancements_xlate lang="tw">
        <revision_enhancements_xlate_part>
<![CDATA[<p>初始版本。</p>
]]>
</revision_enhancements_xlate_part>
      </revision_enhancements_xlate>
    </revision>
  </revision_history>
  <sw_keys>
    <sw_keys_and>
      <sw_key name="net-cnic:2.713.20.v60.5-1OEM.600.0.0.2494585">
        <sw_key_expectedpath>driver:vmware:zip</sw_key_expectedpath>
      </sw_key>
      <sw_key name="misc-cnic-register:1.713.10.v60.1-1OEM.600.0.0.2494585">
        <sw_key_expectedpath>driver:vmware:zip</sw_key_expectedpath>
      </sw_key>
      <sw_key name="net-bnx2:2.2.6a.v60.4-1OEM.600.0.0.2494585">
        <sw_key_expectedpath>driver:vmware:zip</sw_key_expectedpath>
      </sw_key>
      <sw_key name="net-bnx2x:2.713.10.v60.4-1OEM.600.0.0.2494585">
        <sw_key_expectedpath>driver:vmware:zip</sw_key_expectedpath>
      </sw_key>
      <sw_key name="scsi-bnx2i:2.713.10.v60.3-1OEM.600.0.0.2494585">
        <sw_key_expectedpath>driver:vmware:zip</sw_key_expectedpath>
      </sw_key>
      <sw_key name="scsi-bnx2fc:1.713.20.v60.4-1OEM.600.0.0.2494585">
        <sw_key_expectedpath>driver:vmware:zip</sw_key_expectedpath>
      </sw_key>
    </sw_keys_and>
  </sw_keys>
  <prerequisites>
    <supported_operating_systems>
      <supported_operating_system platform="vmware_esx_server" major="6" minor="0" sr="OEM" name="VMware vSphere 6.0"/>
    </supported_operating_systems>
    <supported_devices>
      <supported_devices_and>
        <supported_device type="pci">
          <supported_device_data name="ven">14E4</supported_device_data>
          <supported_device_data name="dev">16AE</supported_device_data>
          <supported_device_data name="subven">103C</supported_device_data>
          <supported_device_data name="subdev">1931</supported_device_data>
        </supported_device>
      </supported_devices_and>
      <supported_devices_and>
        <supported_device type="pci">
          <supported_device_data name="ven">14E4</supported_device_data>
          <supported_device_data name="dev">168E</supported_device_data>
          <supported_device_data name="subven">103C</supported_device_data>
          <supported_device_data name="subdev">1931</supported_device_data>
        </supported_device>
      </supported_devices_and>
      <supported_devices_and>
        <supported_device type="pci">
          <supported_device_data name="ven">14E4</supported_device_data>
          <supported_device_data name="dev">16AF</supported_device_data>
          <supported_device_data name="subven">1590</supported_device_data>
          <supported_device_data name="subdev">8148</supported_device_data>
        </supported_device>
      </supported_devices_and>
      <supported_devices_and>
        <supported_device type="pci">
          <supported_device_data name="ven">14E4</supported_device_data>
          <supported_device_data name="dev">16AE</supported_device_data>
          <supported_device_data name="subven">1590</supported_device_data>
          <supported_device_data name="subdev">8148</supported_device_data>
        </supported_device>
      </supported_devices_and>
      <supported_devices_and>
        <supported_device type="pci">
          <supported_device_data name="ven">14E4</supported_device_data>
          <supported_device_data name="dev">168E</supported_device_data>
          <supported_device_data name="subven">1590</supported_device_data>
          <supported_device_data name="subdev">8148</supported_device_data>
        </supported_device>
      </supported_devices_and>
      <supported_devices_and>
        <supported_device type="pci">
          <supported_device_data name="ven">14E4</supported_device_data>
          <supported_device_data name="dev">16AF</supported_device_data>
          <supported_device_data name="subven">103C</supported_device_data>
          <supported_device_data name="subdev">1798</supported_device_data>
        </supported_device>
      </supported_devices_and>
      <supported_devices_and>
        <supported_device type="pci">
          <supported_device_data name="ven">14E4</supported_device_data>
          <supported_device_data name="dev">16AF</supported_device_data>
          <supported_device_data name="subven">103C</supported_device_data>
          <supported_device_data name="subdev">3382</supported_device_data>
        </supported_device>
      </supported_devices_and>
      <supported_devices_and>
        <supported_device type="pci">
          <supported_device_data name="ven">14E4</supported_device_data>
          <supported_device_data name="dev">16AF</supported_device_data>
          <supported_device_data name="subven">103C</supported_device_data>
          <supported_device_data name="subdev">17A5</supported_device_data>
        </supported_device>
      </supported_devices_and>
      <supported_devices_and>
        <supported_device type="pci">
          <supported_device_data name="ven">14E4</supported_device_data>
          <supported_device_data name="dev">16AF</supported_device_data>
          <supported_device_data name="subven">103C</supported_device_data>
          <supported_device_data name="subdev">339D</supported_device_data>
        </supported_device>
      </supported_devices_and>
      <supported_devices_and>
        <supported_device type="pci">
          <supported_device_data name="ven">14E4</supported_device_data>
          <supported_device_data name="dev">16AF</supported_device_data>
          <supported_device_data name="subven">103C</supported_device_data>
          <supported_device_data name="subdev">18D3</supported_device_data>
        </supported_device>
      </supported_devices_and>
      <supported_devices_and>
        <supported_device type="pci">
          <supported_device_data name="ven">14E4</supported_device_data>
          <supported_device_data name="dev">16AF</supported_device_data>
          <supported_device_data name="subven">103C</supported_device_data>
          <supported_device_data name="subdev">193A</supported_device_data>
        </supported_device>
      </supported_devices_and>
      <supported_devices_and>
        <supported_device type="pci">
          <supported_device_data name="ven">14E4</supported_device_data>
          <supported_device_data name="dev">16AF</supported_device_data>
          <supported_device_data name="subven">103C</supported_device_data>
          <supported_device_data name="subdev">1932</supported_device_data>
        </supported_device>
      </supported_devices_and>
      <supported_devices_and>
        <supported_device type="pci">
          <supported_device_data name="ven">14E4</supported_device_data>
          <supported_device_data name="dev">16AF</supported_device_data>
          <supported_device_data name="subven">103C</supported_device_data>
          <supported_device_data name="subdev">1930</supported_device_data>
        </supported_device>
      </supported_devices_and>
      <supported_devices_and>
        <supported_device type="pci">
          <supported_device_data name="ven">14E4</supported_device_data>
          <supported_device_data name="dev">16AF</supported_device_data>
          <supported_device_data name="subven">103C</supported_device_data>
          <supported_device_data name="subdev">1933</supported_device_data>
        </supported_device>
      </supported_devices_and>
      <supported_devices_and>
        <supported_device type="pci">
          <supported_device_data name="ven">14E4</supported_device_data>
          <supported_device_data name="dev">16AF</supported_device_data>
          <supported_device_data name="subven">103C</supported_device_data>
          <supported_device_data name="subdev">1931</supported_device_data>
        </supported_device>
      </supported_devices_and>
      <supported_devices_and>
        <supported_device type="pci">
          <supported_device_data name="ven">14E4</supported_device_data>
          <supported_device_data name="dev">16AD</supported_device_data>
          <supported_device_data name="subven">103C</supported_device_data>
          <supported_device_data name="subdev">2231</supported_device_data>
        </supported_device>
      </supported_devices_and>
      <supported_devices_and>
        <supported_device type="pci">
          <supported_device_data name="ven">14E4</supported_device_data>
          <supported_device_data name="dev">16AD</supported_device_data>
          <supported_device_data name="subven">103C</supported_device_data>
          <supported_device_data name="subdev">1916</supported_device_data>
        </supported_device>
      </supported_devices_and>
      <supported_devices_and>
        <supported_device type="pci">
          <supported_device_data name="ven">14E4</supported_device_data>
          <supported_device_data name="dev">16AD</supported_device_data>
          <supported_device_data name="subven">103C</supported_device_data>
          <supported_device_data name="subdev">1917</supported_device_data>
        </supported_device>
      </supported_devices_and>
      <supported_devices_and>
        <supported_device type="pci">
          <supported_device_data name="ven">14E4</supported_device_data>
          <supported_device_data name="dev">16AD</supported_device_data>
          <supported_device_data name="subven">103C</supported_device_data>
          <supported_device_data name="subdev">22FA</supported_device_data>
        </supported_device>
      </supported_devices_and>
      <supported_devices_and>
        <supported_device type="pci">
          <supported_device_data name="ven">14E4</supported_device_data>
          <supported_device_data name="dev">168E</supported_device_data>
          <supported_device_data name="subven">103C</supported_device_data>
          <supported_device_data name="subdev">3382</supported_device_data>
        </supported_device>
      </supported_devices_and>
      <supported_devices_and>
        <supported_device type="pci">
          <supported_device_data name="ven">14E4</supported_device_data>
          <supported_device_data name="dev">168E</supported_device_data>
          <supported_device_data name="subven">103C</supported_device_data>
          <supported_device_data name="subdev">339D</supported_device_data>
        </supported_device>
      </supported_devices_and>
      <supported_devices_and>
        <supported_device type="pci">
          <supported_device_data name="ven">14E4</supported_device_data>
          <supported_device_data name="dev">168E</supported_device_data>
          <supported_device_data name="subven">103C</supported_device_data>
          <supported_device_data name="subdev">18D3</supported_device_data>
        </supported_device>
      </supported_devices_and>
      <supported_devices_and>
        <supported_device type="pci">
          <supported_device_data name="ven">14E4</supported_device_data>
          <supported_device_data name="dev">168E</supported_device_data>
          <supported_device_data name="subven">103C</supported_device_data>
          <supported_device_data name="subdev">1798</supported_device_data>
        </supported_device>
      </supported_devices_and>
      <supported_devices_and>
        <supported_device type="pci">
          <supported_device_data name="ven">14E4</supported_device_data>
          <supported_device_data name="dev">168E</supported_device_data>
          <supported_device_data name="subven">103C</supported_device_data>
          <supported_device_data name="subdev">17A5</supported_device_data>
        </supported_device>
      </supported_devices_and>
      <supported_devices_and>
        <supported_device type="pci">
          <supported_device_data name="ven">14E4</supported_device_data>
          <supported_device_data name="dev">168E</supported_device_data>
          <supported_device_data name="subven">103C</supported_device_data>
          <supported_device_data name="subdev">193A</supported_device_data>
        </supported_device>
      </supported_devices_and>
      <supported_devices_and>
        <supported_device type="pci">
          <supported_device_data name="ven">14E4</supported_device_data>
          <supported_device_data name="dev">168E</supported_device_data>
          <supported_device_data name="subven">103C</supported_device_data>
          <supported_device_data name="subdev">1932</supported_device_data>
        </supported_device>
      </supported_devices_and>
      <supported_devices_and>
        <supported_device type="pci">
          <supported_device_data name="ven">14E4</supported_device_data>
          <supported_device_data name="dev">168E</supported_device_data>
          <supported_device_data name="subven">103C</supported_device_data>
          <supported_device_data name="subdev">1930</supported_device_data>
        </supported_device>
      </supported_devices_and>
      <supported_devices_and>
        <supported_device type="pci">
          <supported_device_data name="ven">14E4</supported_device_data>
          <supported_device_data name="dev">168E</supported_device_data>
          <supported_device_data name="subven">103C</supported_device_data>
          <supported_device_data name="subdev">1933</supported_device_data>
        </supported_device>
      </supported_devices_and>
      <supported_devices_and>
        <supported_device type="pci">
          <supported_device_data name="ven">14E4</supported_device_data>
          <supported_device_data name="dev">16A2</supported_device_data>
          <supported_device_data name="subven">103C</supported_device_data>
          <supported_device_data name="subdev">22FA</supported_device_data>
        </supported_device>
      </supported_devices_and>
      <supported_devices_and>
        <supported_device type="pci">
          <supported_device_data name="ven">14E4</supported_device_data>
          <supported_device_data name="dev">16A2</supported_device_data>
          <supported_device_data name="subven">103C</supported_device_data>
          <supported_device_data name="subdev">1916</supported_device_data>
        </supported_device>
      </supported_devices_and>
      <supported_devices_and>
        <supported_device type="pci">
          <supported_device_data name="ven">14E4</supported_device_data>
          <supported_device_data name="dev">16A2</supported_device_data>
          <supported_device_data name="subven">103C</supported_device_data>
          <supported_device_data name="subdev">1917</supported_device_data>
        </supported_device>
      </supported_devices_and>
      <supported_devices_and>
        <supported_device type="pci">
          <supported_device_data name="ven">14E4</supported_device_data>
          <supported_device_data name="dev">1639</supported_device_data>
          <supported_device_data name="subven">103C</supported_device_data>
          <supported_device_data name="subdev">7055</supported_device_data>
        </supported_device>
      </supported_devices_and>
      <supported_devices_and>
        <supported_device type="pci">
          <supported_device_data name="ven">14E4</supported_device_data>
          <supported_device_data name="dev">1650</supported_device_data>
          <supported_device_data name="subven">103C</supported_device_data>
          <supported_device_data name="subdev">3654</supported_device_data>
        </supported_device>
      </supported_devices_and>
      <supported_devices_and>
        <supported_device type="pci">
          <supported_device_data name="ven">14E4</supported_device_data>
          <supported_device_data name="dev">1650</supported_device_data>
          <supported_device_data name="subven">103C</supported_device_data>
          <supported_device_data name="subdev">7058</supported_device_data>
        </supported_device>
      </supported_devices_and>
      <supported_devices_and>
        <supported_device type="pci">
          <supported_device_data name="ven">14E4</supported_device_data>
          <supported_device_data name="dev">1650</supported_device_data>
          <supported_device_data name="subven">103C</supported_device_data>
          <supported_device_data name="subdev">171C</supported_device_data>
        </supported_device>
      </supported_devices_and>
      <supported_devices_and>
        <supported_device type="pci">
          <supported_device_data name="ven">14E4</supported_device_data>
          <supported_device_data name="dev">16AE</supported_device_data>
          <supported_device_data name="subven">103C</supported_device_data>
          <supported_device_data name="subdev">1798</supported_device_data>
        </supported_device>
      </supported_devices_and>
      <supported_devices_and>
        <supported_device type="pci">
          <supported_device_data name="ven">14E4</supported_device_data>
          <supported_device_data name="dev">16AE</supported_device_data>
          <supported_device_data name="subven">103C</supported_device_data>
          <supported_device_data name="subdev">3382</supported_device_data>
        </supported_device>
      </supported_devices_and>
      <supported_devices_and>
        <supported_device type="pci">
          <supported_device_data name="ven">14E4</supported_device_data>
          <supported_device_data name="dev">16AE</supported_device_data>
          <supported_device_data name="subven">103C</supported_device_data>
          <supported_device_data name="subdev">17A5</supported_device_data>
        </supported_device>
      </supported_devices_and>
      <supported_devices_and>
        <supported_device type="pci">
          <supported_device_data name="ven">14E4</supported_device_data>
          <supported_device_data name="dev">16AE</supported_device_data>
          <supported_device_data name="subven">103C</supported_device_data>
          <supported_device_data name="subdev">339D</supported_device_data>
        </supported_device>
      </supported_devices_and>
      <supported_devices_and>
        <supported_device type="pci">
          <supported_device_data name="ven">14E4</supported_device_data>
          <supported_device_data name="dev">16AE</supported_device_data>
          <supported_device_data name="subven">103C</supported_device_data>
          <supported_device_data name="subdev">18D3</supported_device_data>
        </supported_device>
      </supported_devices_and>
      <supported_devices_and>
        <supported_device type="pci">
          <supported_device_data name="ven">14E4</supported_device_data>
          <supported_device_data name="dev">16AE</supported_device_data>
          <supported_device_data name="subven">103C</supported_device_data>
          <supported_device_data name="subdev">193A</supported_device_data>
        </supported_device>
      </supported_devices_and>
      <supported_devices_and>
        <supported_device type="pci">
          <supported_device_data name="ven">14E4</supported_device_data>
          <supported_device_data name="dev">16AE</supported_device_data>
          <supported_device_data name="subven">103C</supported_device_data>
          <supported_device_data name="subdev">1932</supported_device_data>
        </supported_device>
      </supported_devices_and>
      <supported_devices_and>
        <supported_device type="pci">
          <supported_device_data name="ven">14E4</supported_device_data>
          <supported_device_data name="dev">16AE</supported_device_data>
          <supported_device_data name="subven">103C</supported_device_data>
          <supported_device_data name="subdev">1930</supported_device_data>
        </supported_device>
      </supported_devices_and>
      <supported_devices_and>
        <supported_device type="pci">
          <supported_device_data name="ven">14E4</supported_device_data>
          <supported_device_data name="dev">16AE</supported_device_data>
          <supported_device_data name="subven">103C</supported_device_data>
          <supported_device_data name="subdev">1933</supported_device_data>
        </supported_device>
      </supported_devices_and>
      <supported_devices_and>
        <supported_device type="pci">
          <supported_device_data name="ven">14E4</supported_device_data>
          <supported_device_data name="dev">16A4</supported_device_data>
          <supported_device_data name="subven">103C</supported_device_data>
          <supported_device_data name="subdev">22FA</supported_device_data>
        </supported_device>
      </supported_devices_and>
      <supported_devices_and>
        <supported_device type="pci">
          <supported_device_data name="ven">14E4</supported_device_data>
          <supported_device_data name="dev">16A4</supported_device_data>
          <supported_device_data name="subven">103C</supported_device_data>
          <supported_device_data name="subdev">1916</supported_device_data>
        </supported_device>
      </supported_devices_and>
      <supported_devices_and>
        <supported_device type="pci">
          <supported_device_data name="ven">14E4</supported_device_data>
          <supported_device_data name="dev">16A4</supported_device_data>
          <supported_device_data name="subven">103C</supported_device_data>
          <supported_device_data name="subdev">1917</supported_device_data>
        </supported_device>
      </supported_devices_and>
      <supported_devices_and>
        <supported_device type="pci">
          <supported_device_data name="ven">1077</supported_device_data>
          <supported_device_data name="dev">16AD</supported_device_data>
          <supported_device_data name="subven">1590</supported_device_data>
          <supported_device_data name="subdev">00EC</supported_device_data>
        </supported_device>
      </supported_devices_and>
      <supported_devices_and>
        <supported_device type="pci">
          <supported_device_data name="ven">1077</supported_device_data>
          <supported_device_data name="dev">16A1</supported_device_data>
          <supported_device_data name="subven">1590</supported_device_data>
          <supported_device_data name="subdev">00EC</supported_device_data>
        </supported_device>
      </supported_devices_and>
      <supported_devices_and>
        <supported_device type="pci">
          <supported_device_data name="ven">14e4</supported_device_data>
          <supported_device_data name="dev">16a4</supported_device_data>
          <supported_device_data name="subven">103c</supported_device_data>
          <supported_device_data name="subdev">8107</supported_device_data>
        </supported_device>
      </supported_devices_and>
      <supported_devices_and>
        <supported_device type="pci">
          <supported_device_data name="ven">1077</supported_device_data>
          <supported_device_data name="dev">16A4</supported_device_data>
          <supported_device_data name="subven">1590</supported_device_data>
          <supported_device_data name="subdev">00EC</supported_device_data>
        </supported_device>
      </supported_devices_and>
      <supported_devices_and>
        <supported_device type="pci">
          <supported_device_data name="ven">14E4</supported_device_data>
          <supported_device_data name="dev">16A4</supported_device_data>
          <supported_device_data name="subven">103C</supported_device_data>
          <supported_device_data name="subdev">2231</supported_device_data>
        </supported_device>
      </supported_devices_and>
      <supported_devices_and>
        <supported_device type="pci">
          <supported_device_data name="ven">14E4</supported_device_data>
          <supported_device_data name="dev">16A2</supported_device_data>
          <supported_device_data name="subven">103C</supported_device_data>
          <supported_device_data name="subdev">8107</supported_device_data>
        </supported_device>
      </supported_devices_and>
      <supported_devices_and>
        <supported_device type="pci">
          <supported_device_data name="ven">14E4</supported_device_data>
          <supported_device_data name="dev">16A2</supported_device_data>
          <supported_device_data name="subven">103C</supported_device_data>
          <supported_device_data name="subdev">2231</supported_device_data>
        </supported_device>
      </supported_devices_and>
      <supported_devices_and>
        <supported_device type="pci">
          <supported_device_data name="ven">14e4</supported_device_data>
          <supported_device_data name="dev">16ad</supported_device_data>
          <supported_device_data name="subven">103c</supported_device_data>
          <supported_device_data name="subdev">8107</supported_device_data>
        </supported_device>
      </supported_devices_and>
    </supported_devices>
    <required_diskspace size_kb="512"/>
  </prerequisites>
  <installation>
    <install>
      <install_caps silent="no" needuseracct="no"/>
      <command></command>
      <command_params></command_params>
      <reboot_required value="yes"/>
      <reboot_details value="Required">
        <reboot_details_xlate lang="en">Reboot is required after installation for updates to take effect and hardware stability to be maintained.</reboot_details_xlate>
        <reboot_details_xlate lang="cn">安装之后必须重启才能使更新生效并保持硬件稳定性。</reboot_details_xlate>
        <reboot_details_xlate lang="ja">アップデートの効果とハードウェアの安定を得るために、インストール後の再起動は必要です。</reboot_details_xlate>
        <reboot_details_xlate lang="ko">업데이트가 적용되고 하드웨어 안정성이 유지되려면 설치 후 재부팅해야 합니다.</reboot_details_xlate>
        <reboot_details_xlate lang="tw">安裝後必須重新啟動，更新才會生效，並維持硬體穩定。</reboot_details_xlate>
      </reboot_details>
      <per_device_install_time_seconds>0</per_device_install_time_seconds>
    </install>
    <uninstall>
      <uninstall_caps silent="no"/>
      <command></command>
      <command_params></command_params>
      <reboot_required value="no"/>
    </uninstall>
  </installation>
</cpq_package>
